Title,DetailUrl,DownloadLink
"","https://www.dy2018.com/html/gndy/jddy/20120607/38113.html",""
"","https://www.dy2018.com/html/gndy/jddy/20100511/26009.html",""
"","https://www.dy2018.com/html/gndy/jddy/20091008/22087.html",""
"","https://www.dy2018.com/html/gndy/jddy/20090727/20579.html",""
"","https://www.dy2018.com/html/gndy/jddy/20081104/15185.html",""
"","https://www.dy2018.com/html/gndy/jddy/20071224/8556.html",""
"","https://www.dy2018.com/html/gndy/dyzz/20071228/8708.html",""
"","https://www.dy2018.com/html/gndy/dyzz/20070912/5696.html",""
"","https://www.dy2018.com/html/gndy/dyzz/20070506/1938.html",""
"","https://www.dy2018.com/html/gndy/jddy/20081104/15185.html",""
"","https://www.dy2018.com/html/gndy/jddy/20090727/20579.html",""
"","https://www.dy2018.com/html/gndy/jddy/20091008/22087.html",""
"","https://www.dy2018.com/html/gndy/dyzz/20071228/8708.html",""
"","https://www.dy2018.com/html/gndy/dyzz/20070912/5696.html",""
"","https://www.dy2018.com/html/gndy/jddy/20100511/26009.html",""
"","https://www.dy2018.com/html/gndy/jddy/20120607/38113.html",""
"","https://www.dy2018.com/html/gndy/dyzz/20070506/1938.html",""
"","https://www.dy2018.com/html/gndy/jddy/20100511/26009.html",""
"","https://www.dy2018.com/html/gndy/jddy/20090727/20579.html",""
"","https://www.dy2018.com/html/gndy/jddy/20081104/15185.html",""
"","https://www.dy2018.com/html/gndy/jddy/20071224/8556.html",""
"","https://www.dy2018.com/html/gndy/jddy/20120607/38113.html",""
"","https://www.dy2018.com/html/gndy/jddy/20091008/22087.html",""
"","https://www.dy2018.com/html/gndy/jddy/20090727/20579.html",""
"","https://www.dy2018.com/html/gndy/jddy/20081104/15185.html",""
"","https://www.dy2018.com/html/gndy/dyzz/20070506/1938.html",""
"","https://www.dy2018.com/html/gndy/jddy/20100511/26009.html",""
"","https://www.dy2018.com/html/gndy/jddy/20091008/22087.html",""
"","https://www.dy2018.com/html/gndy/dyzz/20070506/1938.html",""
"","https://www.dy2018.com/html/gndy/jddy/20091008/22087.html",""
"","https://www.dy2018.com/html/gndy/jddy/20081104/15185.html",""
"","https://www.dy2018.com/html/gndy/dyzz/20070506/1938.html",""
"","https://www.dy2018.com/html/gndy/dyzz/20070506/1938.html",""
"","https://www.dy2018.com/html/gndy/jddy/20071224/8556.html",""
"","https://www.dy2018.com/html/gndy/jddy/20090727/20579.html",""
"","https://www.dy2018.com/html/gndy/jddy/20071224/8556.html",""
"","https://www.dy2018.com/html/gndy/jddy/20081104/15185.html",""
"","https://www.dy2018.com/html/gndy/jddy/20120607/38113.html",""
"","https://www.dy2018.com/html/gndy/jddy/20120607/38113.html",""
"","https://www.dy2018.com/html/gndy/jddy/20091008/22087.html",""